category,dice_mean,dice_std,hd95_mean,hd95_std,sensitivity_mean,sensitivity_std,precision_mean,precision_std
Anatomical,0.7246886373416912,0.2987626624124987,27.804125030451708,31.558358395804227,0.7865414369204478,0.27729165265617967,0.7520685744292428,0.2763176150414432
Restorations,0.48941465497083586,0.4227853462199958,8.460090697569617,13.307777360795956,0.6493746981630343,0.37817442246673255,0.6036421876441088,0.41232523056387776
Teeth,0.690354387882815,0.38848100038094274,9.602589244355729,16.594994205516144,0.828395579528818,0.2794274211309959,0.7301091183590355,0.3812678259825578
Canals,0.41738169981161577,0.2901041399330562,14.496277493675372,13.914861788827166,0.44772171258777593,0.31051629765999755,0.5488305511149321,0.26396128007036823
Pulps,0.6210394923518248,0.36454490551728697,6.315093986401133,14.304865942416074,0.6599148747897053,0.3257523753991189,0.7443649240196836,0.33413871753982305
Overall,0.648928191589446,0.3746240683850959,10.646830489355244,19.03249509473491,0.733498061432545,0.31993005720606355,0.7261152388561223,0.3540075424370801
